{
  "hash": "56b4e8d5",
  "configHash": "dfbff4bb",
  "lockfileHash": "b8dff842",
  "browserHash": "74243742",
  "optimized": {
    "@angular/core": {
      "src": "../../../../../../node_modules/@angular/core/fesm2022/core.mjs",
      "file": "@angular_core.js",
      "fileHash": "31d20702",
      "needsInterop": false
    },
    "@angular/platform-browser": {
      "src": "../../../../../../node_modules/@angular/platform-browser/fesm2022/platform-browser.mjs",
      "file": "@angular_platform-browser.js",
      "fileHash": "501d66bb",
      "needsInterop": false
    },
    "@angular/router": {
      "src": "../../../../../../node_modules/@angular/router/fesm2022/router.mjs",
      "file": "@angular_router.js",
      "fileHash": "1f7b72b0",
      "needsInterop": false
    },
    "zone.js": {
      "src": "../../../../../../node_modules/zone.js/fesm2015/zone.js",
      "file": "zone__js.js",
      "fileHash": "a33b97fd",
      "needsInterop": true
    }
  },
  "chunks": {
    "chunk-IUPBNWQQ": {
      "file": "chunk-IUPBNWQQ.js"
    },
    "chunk-JRC4WPNH": {
      "file": "chunk-JRC4WPNH.js"
    },
    "chunk-WDMUDEB6": {
      "file": "chunk-WDMUDEB6.js"
    }
  }
}